date,type,bylaw_no,address,title,decision,resolution,readings_seen
2019-04-15,DVP,,77 Anderson Street,3. Development Variance Permit Application – 77 Anderson,Referred,R19-125,
2019-05-06,DVP,,,"Jordan Pacheco, 77 Anderson – spoke for his application for a Development Variance Permit.",Carried,R19-132,
2019-05-06,DVP,,71 Swallow Street,“THAT the application for a development variance permit at 71 Swallow Street is,Referred,R19-145,
2019-05-21,DVP,,179 Chinook Avenue,“THAT the development variance permit application to reduce rear year setback,Referred,R19-171,
2019-06-17,DVP,,176 Ocelot Way,“THAT development variance permit application to vary distance between,Referred,R19-189,
2019-07-02,DP,,"728 Kuldo
Boulevard",Mayor Germuth asked for comments on a Development Permit application – 724 and 728 Kuldo,Carried,R19-193,
2019-07-15,TUP,,160 Konigus Street,“THAT the temporary use permit application to permit a park and ride facility at,Referred,R19-216,
2019-09-03,DP,,,1. Development Permit Application - Wakita Ave and Nalabila Blvd,Referred,R19-248,
2019-09-16,TUP,,606 Mountainview Square,2. First Two Readings – Temporary Use Permit Zoning and OCP Amendment Bylaw No.,Referred,,
2019-10-21,TUP,,,2. Bylaw No. 1956 – Temporary Use Permit Zoning and Official Community Plan,,,
2019-10-21,DP,,,2. Development Permit Application – Wakita Ave and Nalabila Blvd.,Carried,R19-289,
2020-03-16,DVP,,78 Sturgeon Street,1. Development Variance Permit Application – 78 Sturgeon Street,Carried,R20-071,
2020-03-16,DVP,,"78 Sturgeon
              Street",“THAT a development variance permit application to reduce side yard from 4.5,Carried,R20-071,
2020-04-20,DVP,,71 Starling Street,2. Development Variance Permit Application - 71 Starling Street,Referred,R20-091,
2020-04-20,DVP,,"71 Starling
              Street",“THAT a development variance permit application to construct an addition to the,Referred,R20-091,
2020-05-04,DVP,,"71
Starling Street",Rob Slanina provided comment regarding his application for a development variance permit at 71,Carried,R20-095,
2020-05-04,DP,,78 Sturgeon Street,"2. Multi-Family Development Permit Guidelines, FireSmart Amendment Bylaw No. 1967,",Postponed,,
2020-07-20,DVP,,205 Enterprise Avenue,1. Development Variance Permit Application – 205 Enterprise Avenue,Referred,R20-150,
2020-08-04,DVP,,9 Oersted Street,August 2020 regarding development variance permit application for 9 Oersted Street were read,Carried,R20-157,
2020-09-08,DVP,,72 Bittern Street,THAT development variance permit application to allow 72 Bittern Street to,Referred,R20-195,
2020-09-08,TUP,,205 Enterprise Avenue,1. Temporary Use Permit Application – JHW Quarry,Referred,R20-196,
2020-09-08,DVP,,"205 Enterprise
              Avenue",“THAT the development variance permit application to allow CDN Controls Ltd. to,Defeated,R20-197,
2020-09-08,DVP,,"205 Enterprise
                Avenue",AND THAT the development variance permit application to allow CDN Controls,Defeated,R20-197,
2020-10-05,TUP,,,2. Temporary Use Permit Application – JHW Quarry,Carried,R20-209,
2020-10-19,TUP,,"650 Kuldo
   Blvd","""THAT a temporary use permit application to permit operation of a portable mill at PID",Referred,R20-222,
2020-11-02,DVP,,52 Stickney Street,1. Development Variance Permit Application – 52 Stickney Street - Shop,Referred,R20-229,
2020-11-02,DVP,,59 Stickney Street,2. Development Variance Permit Application – 59 Stickney Street,Carried,R20-230,
2020-11-02,DVP,,167 Konigus Street,3. Development Variance Permit Application – JGC Fluor Water Intake,Referred,R20-231,
2020-11-16,TUP,,116 Whittlesey Street,“THAT the application to amend temporary use permit for a parking lot for the,Tabled,R20-238,
2020-11-16,DVP,,116 Whittlesey Street,2. Development Variance Permit Application – 116 Whittlesey Street,Referred,R20-239,
2020-12-07,DVP,,,4. Development Variance Permit Application JGC Fluor Water Intake,Carried,R20-251,
2020-12-21,DVP,,,Mayor Germuth asked for comments regarding the Development Variance Permit Application for,Carried,R20-257,
2020-12-21,DP,,461 Quatsino Boulevard,2. Development Permit Application – 461 Quatsino Boulevard,Referred,R20-261,
2020-12-21,DP,,167 Konigus Street,"3. Development Permit Application, Riverbrook Estates",Referred,R20-262,
2020-12-21,DP,,,Development Permit Application – Riverbrook Estates,Carried,R20-263,
2021-04-06,DVP,,"20
Swallow Street",The Mayor called for Public Input regarding the Development Variance Permit Application at 20,Carried,R21-073,
2021-04-06,DVP,,20 Swallow Street,1. Development Variance Permit Application - 20 Swallow Street,Carried,R21-077,
2021-04-06,DP,,676 Mountainview Square,"4. Development Permit Application, KitiMED, 676 Mountainview Square",Referred,R21-080,
2021-04-19,DVP,,121 Liard Street,1. Development Variance Permit Application - 121 Liard Street,Referred,R21-091,
2021-05-03,DP,,"578
Mountainview Square",The Mayor called for public input regarding the Development Permit application for 578,Carried,R21-097,
2021-05-03,DP,,"100
Loganberry Avenue",The Mayor called for public input regarding the Development Permit application for 100,Carried,R21-097,
2021-05-03,DP,,"676
Mountainview Square",The Mayor called for public input regarding the Development Permit application for 676,Carried,R21-097,
2021-05-03,DP,,578 Mountainview Square,"1. Development Permit Application, 578 Mountainview Square",Carried,R21-103,
2021-05-03,DP,,"578 Mountainview
           Square",evaluated the application against the development permit framework and guidelines,Carried,R21-103,
2021-05-03,DP,,100 Loganberry Avenue,"2. Development Permit Application, 100 Loganberry Avenue Kitimat Valley Housing",Carried,R21-104,
2021-05-17,DVP,,"121
Liard Street",The Mayor called for public input regarding the Development Variance Permit application for 121,Carried,R21-108,
2021-05-17,DVP,,18 Moore Street,1. Development Variance Permit Application – 18 Moore Street,Referred,R21-110,
2021-06-07,DVP,,"18
Moore Street",Mayor Germuth called for public input on the Development Variance Permit Application for 18,Carried,R21-116,
2021-06-07,TUP,,,Mayor Germuth called for public input on the Temporary Use Permit Application for a temporary,Carried,R21-116,
2022-02-07,DP,,50 Currie Street,1. Development Permit Application – 36 Highway 37,Referred,R22-048,
2022-02-07,DVP,,50 Currie Street,2. Development Variance Permit Application – 36 Highway 37,Referred,R22-049,
2022-03-07,DP,,,2. Development Permit Application – 36 Highway 37,Carried,R22-073,
2022-03-07,DVP,,,4. Approval be given for the development variance permit application to reduce the,Carried,R22-073,
2022-03-07,DVP,,,3. Development Variance Permit Application – 36 Highway 37,Carried,R22-074,
2022-04-04,DVP,,35 Dunn Street,1. Development Variance Permit Application – 35 Dunn Street,Referred,R22-096,
2022-04-04,TUP,,2150 Forest Avenue,“THAT temporary use permit application to allow installation and operation of a portable,Referred,R22-097,
2022-05-02,DP,,,3. Development Permit Application – Wakita/Nalabila,Referred,R22-118,
2022-07-18,DVP,,56 Meldrum Street,1. Development Variance Permit Application – 56 Meldrum Street,Carried,R22-157,
2022-08-02,DP,,,1. Development Permit Application Wakita x Nalabila,Carried,R22-165,
2022-11-21,DP,,,1. Development Permit Amendment Application – Wakita x Nalabila,Carried,R22-203,
2019-02-19,OCP,1933,461 Quatsino Boulevard,"Density Benefit OCP Amendment Bylaw No. 1933, 2018",Defeated,,1
2019-02-19,OCP,,,Social Housing Zone and Official Community Plan Amendment Bylaw No.,Defeated,R19-51,1
2019-03-04,Zoning,1934,"461 Quatsino
      Boulevard","1. Bylaw No. 1934, 2019 – Rezoning and OCP Amendment for 461 Quatsino",Defeated,R19-072,2
2019-07-02,OCP,1942,,"1. Bylaw No. 1942, 2019 – Zoning and OCP Amendment to Permit Hobby Farms in G3-B",,,1
2019-08-06,OCP,,,1. Hobby Farms in the G3-B Zone and Official Community Plan Amendment Bylaw No.,Carried,R19-226,1
2019-09-16,OCP,1956,606 Mountainview Square,"Official Community Plan Amendment Bylaw No. 1956, 2019”;",Referred,,1
2020-01-20,Zoning,,,AND THAT staff are directed to draft a zoning amendment bylaw for application,Carried,R20-034,1
2020-01-20,Zoning,,,“THAT staff are directed to draft a zoning amendment bylaw for application as,Carried,R20-035,1
2020-03-02,Zoning,1971,,"Highway Commercial Zoning Amendment Bylaw No. 1971, 2020, to allow office",Defeated,R20-057,1
2020-04-06,Zoning,1974,606 Mountainview Square,1. Official Community Plan & Zoning Amendment Bylaw No. 1974,Referred,,1
2020-05-04,Zoning,,78 Sturgeon Street,THAT Loganberry Commercial Recreation OCP and Zoning Amendment Bylaw No.,Carried,R20-097,1
2020-07-20,Zoning,1981,205 Enterprise Avenue,"AND THAT ""650 and 656 Kuldo Zoning Amendment Bylaw No. 1981, 2020"" be",Carried,R20-148,1
2020-08-17,Zoning,1983,,"1. Coastal GasLink Meter Station Zoning Amendment Bylaw No. 1983, 2020",Carried,R20-176,3
2020-10-05,Zoning,1988,72 Bittern Street,"1. 72 Bittern Street Zoning Amendment Bylaw No. 1988, 2020",Defeated,R20-204,2
2020-12-07,Zoning,1991,52 Stickney Street,"2. 52 Stickney Street Zoning Amendment Bylaw No. 1991, 2020",Carried,R20-249,2
2021-03-15,OCP,1968,,"1. FireSmart OCP Amendment Bylaw No. 1968, 2020",Defeated,,1
2021-06-07,Zoning,1996,,"1. Loganberry Commercial OCP and Zoning Amendment Bylaw No. 1996, 2021",Referred,,4
2021-10-18,Zoning,,,“THAT “Accessory Buildings and Accessory Structures Zoning Amendment Bylaw No.,Referred,R21-203,1
2021-10-18,Zoning,,,THAT “Accessory Buildings and Accessory Structures Zoning Amendment Bylaw No.,Referred,R21-205,1
2022-01-17,Housing,1995,461 Quatsino Blvd,"2. Third Reading - Housing Agreement (461 Quatsino Blvd) Bylaw No. 1995, 2021",Carried,R22-022,4
2022-01-17,Zoning,2006,461 Quatsino Blvd,"Accessory Buildings and Structures Zoning Amendment Bylaw No. 2006, 2021 (7.17.17)",Carried,R22-022,4
2022-02-07,Housing,2011,,"“THAT the Housing Agreement (Crossroads Residential Dormitory) Bylaw No. 2011, 2022",Carried,R22-045,2
2022-09-06,OCP,2013,,"Area Official Community Plan Amendment, Bylaw No. 2013, 2022, as amended, in",Carried,R22-182,2
