type,address,title,first_seen,decided,council_appearances,days_first_to_last,outcome,resolutions
DVP,77 Anderson Street,Development Variance Permit Application – 77 Anderson,2019-04-15,2019-04-15,1,0,Referred (no final vote seen),R19-125
DVP,,"Jordan Pacheco, 77 Anderson – spoke for his application for a Development Variance Permit.",2019-05-06,2019-05-06,1,0,Carried,R19-132
DVP,71 Swallow Street,“THAT the application for a development variance permit at 71 Swallow Street is,2019-05-06,2019-05-21,2,15,Carried,R19-145 R19-170
DVP,179 Chinook Avenue,“THAT the development variance permit application to reduce rear year setback,2019-05-21,2019-05-21,1,0,Referred (no final vote seen),R19-171
DP,,“THAT Downtown Revitalization Area Development Permit No. 06-2019 be,2019-05-21,2019-05-21,1,0,Carried,06-2019
DVP,176 Ocelot Way,“THAT development variance permit application to vary distance between,2019-06-17,2019-06-17,1,0,Referred (no final vote seen),R19-189
DP,728 Kuldo Boulevard,Mayor Germuth asked for comments on a Development Permit application – 724 and 728 Kuldo,2019-07-02,2019-07-02,1,0,Carried,R19-193
TUP,160 Konigus Street,“THAT the temporary use permit application to permit a park and ride facility at,2019-07-15,2019-07-15,1,0,Referred (no final vote seen),R19-216
TUP,,“THAT the Temporary Use Permit application submitted 28 February 2019 for an,2019-08-19,2019-08-19,1,0,Carried,R19-239
DP,,Development Permit Application - Wakita Ave and Nalabila Blvd,2019-09-03,2019-09-03,1,0,Referred (no final vote seen),R19-248
DP,,“THAT the development permit application for a multi-family development at,2019-09-03,2019-09-03,1,0,Referred (no final vote seen),R19-248
TUP,606 Mountainview Square,First Two Readings – Temporary Use Permit Zoning and OCP Amendment Bylaw No.,2019-09-16,2019-09-16,1,0,Referred (no final vote seen),
TUP,,“THAT the temporary use permit application to consider an RV park on a portion,2019-09-16,2019-10-21,2,35,unknown,
TUP,,Bylaw No. 1956 – Temporary Use Permit Zoning and Official Community Plan,2019-10-21,2019-10-21,1,0,unknown,
DP,,Development Permit Application – Wakita Ave and Nalabila Blvd.,2019-10-21,2019-10-21,1,0,Carried,R19-289
DVP,78 Sturgeon Street,Development Variance Permit Application – 78 Sturgeon Street,2020-03-16,2020-05-04,2,49,Carried,R20-071 R20-095
DVP,71 Starling Street,Development Variance Permit Application - 71 Starling Street,2020-04-20,2020-05-04,2,14,Carried,R20-091 R20-095 R20-101
DP,78 Sturgeon Street,"Multi-Family Development Permit Guidelines, FireSmart Amendment Bylaw No. 1967,",2020-05-04,2020-05-04,1,0,Postponed (no final vote seen),
DVP,205 Enterprise Avenue,Development Variance Permit Application – 205 Enterprise Avenue,2020-07-20,2020-09-08,2,50,Defeated,R20-150 R20-195 R20-197
DVP,9 Oersted Street,August 2020 regarding development variance permit application for 9 Oersted Street were re,2020-08-04,2020-08-04,1,0,Carried,R20-157
DVP,72 Bittern Street,THAT development variance permit application to allow 72 Bittern Street to,2020-09-08,2020-11-02,3,55,Carried,R20-195 R20-208 R20-226
TUP,205 Enterprise Avenue,Temporary Use Permit Application – JHW Quarry,2020-09-08,2020-09-08,1,0,Referred (no final vote seen),R20-196
TUP,,Temporary Use Permit Application – JHW Quarry,2020-10-05,2020-10-05,1,0,Carried,R20-209
TUP,,“THAT the temporary use permit application to allow quarry operations by JHW,2020-10-05,2020-10-05,1,0,Carried,R20-209
TUP,,“THAT the application to amend temporary use permit for a parking lot for,2020-10-05,2020-12-07,2,63,Referred (no final vote seen),R20-210
TUP,,"""THAT the temporary use permit application by Coastal GasLink be referred to the",2020-10-05,2020-10-05,1,0,Referred (no final vote seen),R20-210
TUP,,“THAT a temporary use permit application to permit operation of a portable mill at,2020-10-19,2020-10-19,1,0,Referred (no final vote seen),R20-221
TUP,650 Kuldo Blvd,"""THAT a temporary use permit application to permit operation of a portable mill at PID",2020-10-19,2020-10-19,1,0,Referred (no final vote seen),R20-222
DVP,52 Stickney Street,Development Variance Permit Application – 52 Stickney Street - Shop,2020-11-02,2020-12-07,2,35,Carried,R20-229 R20-250
DVP,59 Stickney Street,Development Variance Permit Application – 59 Stickney Street,2020-11-02,2020-11-02,1,0,Carried,R20-230
DVP,167 Konigus Street,Development Variance Permit Application – JGC Fluor Water Intake,2020-11-02,2020-11-02,1,0,Referred (no final vote seen),R20-231
TUP,116 Whittlesey Street,“THAT the application to amend temporary use permit for a parking lot for the,2020-11-16,2020-11-16,1,0,Tabled (no final vote seen),R20-238
DVP,116 Whittlesey Street,Development Variance Permit Application – 116 Whittlesey Street,2020-11-16,2021-04-06,3,141,Carried,R20-239 R20-259 R21-073
DVP,,Development Variance Permit Application JGC Fluor Water Intake,2020-12-07,2020-12-07,1,0,Carried,R20-251
DVP,,“THAT the development variance permit application to reduce yard setbacks from,2020-12-07,2020-12-07,1,0,Carried,R20-251
DVP,,Mayor Germuth asked for comments regarding the Development Variance Permit Application for,2020-12-21,2020-12-21,1,0,Carried,R20-257
DP,461 Quatsino Boulevard,Development Permit Application – 461 Quatsino Boulevard,2020-12-21,2020-12-21,1,0,Referred (no final vote seen),R20-261
DP,167 Konigus Street,"Development Permit Application, Riverbrook Estates",2020-12-21,2020-12-21,1,0,Referred (no final vote seen),R20-262
DP,,Development Permit Application – Riverbrook Estates,2020-12-21,2020-12-21,1,0,Carried,R20-263
DVP,20 Swallow Street,The Mayor called for Public Input regarding the Development Variance Permit Application at,2021-04-06,2021-04-06,1,0,Carried,R21-073 R21-077
DP,676 Mountainview Square,"Development Permit Application, KitiMED, 676 Mountainview Square",2021-04-06,2021-05-03,2,27,Carried,R21-080 R21-097 R21-105
DVP,121 Liard Street,Development Variance Permit Application - 121 Liard Street,2021-04-19,2021-05-17,2,28,Carried,R21-091 R21-108 R21-111
DP,578 Mountainview Square,The Mayor called for public input regarding the Development Permit application for 578,2021-05-03,2021-05-03,1,0,Carried,R21-097 R21-103
DP,100 Loganberry Avenue,The Mayor called for public input regarding the Development Permit application for 100,2021-05-03,2021-05-03,1,0,Carried,R21-097 R21-104
DVP,18 Moore Street,Development Variance Permit Application – 18 Moore Street,2021-05-17,2021-06-07,2,21,Carried,R21-110 R21-116 R21-121
TUP,,Mayor Germuth called for public input on the Temporary Use Permit Application for a tempor,2021-06-07,2021-06-07,1,0,Carried,R21-116
TUP,,“THAT temporary use permit application to allow operation of a portable asphalt plant,2021-06-07,2021-06-07,1,0,Referred (no final vote seen),R21-122
DP,50 Currie Street,Development Permit Application – 36 Highway 37,2022-02-07,2022-02-07,1,0,Referred (no final vote seen),R22-048
DVP,50 Currie Street,Development Variance Permit Application – 36 Highway 37,2022-02-07,2022-02-07,1,0,Referred (no final vote seen),R22-049
DP,,Development Permit Application – 36 Highway 37,2022-03-07,2022-03-07,1,0,Carried,R22-073
DP,,“THAT the development permit application for a proposed commercial development,2022-03-07,2022-03-07,1,0,Carried,R22-073
DVP,,Approval be given for the development variance permit application to reduce the,2022-03-07,2022-03-07,1,0,Carried,R22-073
DP,,Development Permit Application – 36 Highway 37 (7.8.3.165),2022-03-07,2022-03-07,1,0,Carried,R22-074
DVP,,Development Variance Permit Application – 36 Highway 37,2022-03-07,2022-03-07,1,0,Carried,R22-074
DVP,,“THAT the development variance permit application to reduce the minimum required,2022-03-07,2022-03-07,1,0,Carried,R22-074
DVP,,Development Variance Permit Application – 36 Highway 37 (7.9.3.111),2022-03-07,2022-03-07,1,0,Carried,R22-075
DVP,35 Dunn Street,Development Variance Permit Application – 35 Dunn Street,2022-04-04,2022-04-04,1,0,Referred (no final vote seen),R22-096
TUP,2150 Forest Avenue,“THAT temporary use permit application to allow installation and operation of a portable,2022-04-04,2022-04-04,1,0,Referred (no final vote seen),R22-097
DP,,Development Permit Application – Wakita/Nalabila,2022-05-02,2022-05-02,1,0,Referred (no final vote seen),R22-118
DP,,“THAT the development permit application for a proposed multi-family residential,2022-05-02,2022-08-02,2,92,Carried,R22-118 R22-165
DP,,Development Permit Application – Wakita/Nalabila (7.8.3.167),2022-05-02,2022-05-02,1,0,Carried,R22-119
DVP,56 Meldrum Street,Development Variance Permit Application – 56 Meldrum Street,2022-07-18,2022-07-18,1,0,Carried,R22-157
DP,,Development Permit Application Wakita x Nalabila,2022-08-02,2022-11-21,2,111,Carried,R22-165 R22-203
DP,,Development Permit Application Wakita x Nalabila (7.8.3.167),2022-08-02,2022-08-02,1,0,Carried,R22-166
